﻿<?xml version="1.0"?>
<Poker_Mavens_Ring_Games>
  <Version>2.00</Version>
  <RingGame>
    <GameID>00 HO .001K/.002K - Free</GameID>
    <Description></Description>
    <AutoStart>Yes</AutoStart>
    <GameType>No Limit Hold'em</GameType>
    <Password></Password>
    <Private>No</Private>
    <PermPlay></PermPlay>
    <PermObserve></PermObserve>
    <PermPlayerChat></PermPlayerChat>
    <PermObserverChat></PermObserverChat>
    <SuspendChatAllIn>No</SuspendChatAllIn>
    <Seats>10</Seats>
    <SmallestChip>1</SmallestChip>
    <BuyInMin>40</BuyInMin>
    <BuyInMax>200</BuyInMax>
    <BuyInDef>60</BuyInDef>
    <Rake>2</Rake>
    <RakeEvery>100</RakeEvery>
    <RakeMax>1000000</RakeMax>
    <TurnClock>12</TurnClock>
    <BankClock>18</BankClock>
    <BankReset>30</BankReset>
    <DisProtect>No</DisProtect>
    <SmallBlind>1</SmallBlind>
    <BigBlind>2</BigBlind>
    <AllowDupeIPs>Yes</AllowDupeIPs>
    <RatholeMinutes>60</RatholeMinutes>
    <SitoutMinutes>10</SitoutMinutes>
    <SitoutRelaxed>Yes</SitoutRelaxed>
  </RingGame>
  <RingGame>
    <GameID>00 HO .25K/.5K - 08</GameID>
    <Description></Description>
    <AutoStart>Yes</AutoStart>
    <GameType>No Limit Hold'em</GameType>
    <Password></Password>
    <Private>No</Private>
    <PermPlay></PermPlay>
    <PermObserve></PermObserve>
    <PermPlayerChat></PermPlayerChat>
    <PermObserverChat></PermObserverChat>
    <SuspendChatAllIn>No</SuspendChatAllIn>
    <Seats>8</Seats>
    <SmallestChip>1</SmallestChip>
    <BuyInMin>10000</BuyInMin>
    <BuyInMax>50000</BuyInMax>
    <BuyInDef>15000</BuyInDef>
    <Rake>2</Rake>
    <RakeEvery>100</RakeEvery>
    <RakeMax>1000000</RakeMax>
    <TurnClock>20</TurnClock>
    <BankClock>30</BankClock>
    <BankReset>30</BankReset>
    <DisProtect>No</DisProtect>
    <SmallBlind>250</SmallBlind>
    <BigBlind>500</BigBlind>
    <AllowDupeIPs>No</AllowDupeIPs>
    <RatholeMinutes>60</RatholeMinutes>
    <SitoutMinutes>10</SitoutMinutes>
    <SitoutRelaxed>Yes</SitoutRelaxed>
  </RingGame>
  <RingGame>
    <GameID>00 HO .25K/.5K - Fast</GameID>
    <Description></Description>
    <AutoStart>Yes</AutoStart>
    <GameType>No Limit Hold'em</GameType>
    <Password></Password>
    <Private>No</Private>
    <PermPlay></PermPlay>
    <PermObserve></PermObserve>
    <PermPlayerChat></PermPlayerChat>
    <PermObserverChat></PermObserverChat>
    <SuspendChatAllIn>No</SuspendChatAllIn>
    <Seats>10</Seats>
    <SmallestChip>1</SmallestChip>
    <BuyInMin>10000</BuyInMin>
    <BuyInMax>50000</BuyInMax>
    <BuyInDef>15000</BuyInDef>
    <Rake>2</Rake>
    <RakeEvery>100</RakeEvery>
    <RakeMax>1000000</RakeMax>
    <TurnClock>20</TurnClock>
    <BankClock>30</BankClock>
    <BankReset>30</BankReset>
    <DisProtect>No</DisProtect>
    <SmallBlind>250</SmallBlind>
    <BigBlind>500</BigBlind>
    <AllowDupeIPs>No</AllowDupeIPs>
    <RatholeMinutes>60</RatholeMinutes>
    <SitoutMinutes>10</SitoutMinutes>
    <SitoutRelaxed>Yes</SitoutRelaxed>
  </RingGame>
  <RingGame>
    <GameID>00 HO .5K/1K - 08</GameID>
    <Description></Description>
    <AutoStart>Yes</AutoStart>
    <GameType>No Limit Hold'em</GameType>
    <Password></Password>
    <Private>No</Private>
    <PermPlay></PermPlay>
    <PermObserve></PermObserve>
    <PermPlayerChat></PermPlayerChat>
    <PermObserverChat></PermObserverChat>
    <SuspendChatAllIn>No</SuspendChatAllIn>
    <Seats>8</Seats>
    <SmallestChip>1</SmallestChip>
    <BuyInMin>20000</BuyInMin>
    <BuyInMax>100000</BuyInMax>
    <BuyInDef>30000</BuyInDef>
    <Rake>2</Rake>
    <RakeEvery>100</RakeEvery>
    <RakeMax>1000000</RakeMax>
    <TurnClock>20</TurnClock>
    <BankClock>30</BankClock>
    <BankReset>30</BankReset>
    <DisProtect>No</DisProtect>
    <SmallBlind>500</SmallBlind>
    <BigBlind>1000</BigBlind>
    <AllowDupeIPs>No</AllowDupeIPs>
    <RatholeMinutes>60</RatholeMinutes>
    <SitoutMinutes>10</SitoutMinutes>
    <SitoutRelaxed>Yes</SitoutRelaxed>
  </RingGame>
  <RingGame>
    <GameID>00 HO .5K/1K - Fast</GameID>
    <Description></Description>
    <AutoStart>Yes</AutoStart>
    <GameType>No Limit Hold'em</GameType>
    <Password></Password>
    <Private>No</Private>
    <PermPlay></PermPlay>
    <PermObserve></PermObserve>
    <PermPlayerChat></PermPlayerChat>
    <PermObserverChat></PermObserverChat>
    <SuspendChatAllIn>No</SuspendChatAllIn>
    <Seats>10</Seats>
    <SmallestChip>1</SmallestChip>
    <BuyInMin>20000</BuyInMin>
    <BuyInMax>100000</BuyInMax>
    <BuyInDef>30000</BuyInDef>
    <Rake>2</Rake>
    <RakeEvery>100</RakeEvery>
    <RakeMax>1000000</RakeMax>
    <TurnClock>20</TurnClock>
    <BankClock>30</BankClock>
    <BankReset>30</BankReset>
    <DisProtect>No</DisProtect>
    <SmallBlind>500</SmallBlind>
    <BigBlind>1000</BigBlind>
    <AllowDupeIPs>No</AllowDupeIPs>
    <RatholeMinutes>60</RatholeMinutes>
    <SitoutMinutes>10</SitoutMinutes>
    <SitoutRelaxed>Yes</SitoutRelaxed>
  </RingGame>
  <RingGame>
    <GameID>01 HO 1K/2K - 08</GameID>
    <Description></Description>
    <AutoStart>Yes</AutoStart>
    <GameType>No Limit Hold'em</GameType>
    <Password></Password>
    <Private>No</Private>
    <PermPlay></PermPlay>
    <PermObserve></PermObserve>
    <PermPlayerChat></PermPlayerChat>
    <PermObserverChat></PermObserverChat>
    <SuspendChatAllIn>No</SuspendChatAllIn>
    <Seats>8</Seats>
    <SmallestChip>1</SmallestChip>
    <BuyInMin>40000</BuyInMin>
    <BuyInMax>200000</BuyInMax>
    <BuyInDef>60000</BuyInDef>
    <Rake>2</Rake>
    <RakeEvery>100</RakeEvery>
    <RakeMax>1000000</RakeMax>
    <TurnClock>20</TurnClock>
    <BankClock>30</BankClock>
    <BankReset>30</BankReset>
    <DisProtect>No</DisProtect>
    <SmallBlind>1000</SmallBlind>
    <BigBlind>2000</BigBlind>
    <AllowDupeIPs>No</AllowDupeIPs>
    <RatholeMinutes>60</RatholeMinutes>
    <SitoutMinutes>10</SitoutMinutes>
    <SitoutRelaxed>Yes</SitoutRelaxed>
  </RingGame>
  <RingGame>
    <GameID>01 HO 1K/2K - Fast</GameID>
    <Description></Description>
    <AutoStart>Yes</AutoStart>
    <GameType>No Limit Hold'em</GameType>
    <Password></Password>
    <Private>No</Private>
    <PermPlay></PermPlay>
    <PermObserve></PermObserve>
    <PermPlayerChat></PermPlayerChat>
    <PermObserverChat></PermObserverChat>
    <SuspendChatAllIn>No</SuspendChatAllIn>
    <Seats>10</Seats>
    <SmallestChip>1</SmallestChip>
    <BuyInMin>40000</BuyInMin>
    <BuyInMax>200000</BuyInMax>
    <BuyInDef>60000</BuyInDef>
    <Rake>2</Rake>
    <RakeEvery>100</RakeEvery>
    <RakeMax>1000000</RakeMax>
    <TurnClock>20</TurnClock>
    <BankClock>30</BankClock>
    <BankReset>30</BankReset>
    <DisProtect>No</DisProtect>
    <SmallBlind>1000</SmallBlind>
    <BigBlind>2000</BigBlind>
    <AllowDupeIPs>No</AllowDupeIPs>
    <RatholeMinutes>60</RatholeMinutes>
    <SitoutMinutes>10</SitoutMinutes>
    <SitoutRelaxed>Yes</SitoutRelaxed>
  </RingGame>
  <RingGame>
    <GameID>01 HO 2K/4K - 08</GameID>
    <Description></Description>
    <AutoStart>Yes</AutoStart>
    <GameType>No Limit Hold'em</GameType>
    <Password></Password>
    <Private>No</Private>
    <PermPlay></PermPlay>
    <PermObserve></PermObserve>
    <PermPlayerChat></PermPlayerChat>
    <PermObserverChat></PermObserverChat>
    <SuspendChatAllIn>No</SuspendChatAllIn>
    <Seats>8</Seats>
    <SmallestChip>1</SmallestChip>
    <BuyInMin>80000</BuyInMin>
    <BuyInMax>400000</BuyInMax>
    <BuyInDef>120000</BuyInDef>
    <Rake>2</Rake>
    <RakeEvery>100</RakeEvery>
    <RakeMax>1000000</RakeMax>
    <TurnClock>22</TurnClock>
    <BankClock>33</BankClock>
    <BankReset>30</BankReset>
    <DisProtect>Yes</DisProtect>
    <SmallBlind>2000</SmallBlind>
    <BigBlind>4000</BigBlind>
    <AllowDupeIPs>No</AllowDupeIPs>
    <RatholeMinutes>60</RatholeMinutes>
    <SitoutMinutes>10</SitoutMinutes>
    <SitoutRelaxed>Yes</SitoutRelaxed>
  </RingGame>
  <RingGame>
    <GameID>01 HO 2K/4K - Fast</GameID>
    <Description></Description>
    <AutoStart>Yes</AutoStart>
    <GameType>No Limit Hold'em</GameType>
    <Password></Password>
    <Private>No</Private>
    <PermPlay></PermPlay>
    <PermObserve></PermObserve>
    <PermPlayerChat></PermPlayerChat>
    <PermObserverChat></PermObserverChat>
    <SuspendChatAllIn>No</SuspendChatAllIn>
    <Seats>10</Seats>
    <SmallestChip>1</SmallestChip>
    <BuyInMin>80000</BuyInMin>
    <BuyInMax>400000</BuyInMax>
    <BuyInDef>120000</BuyInDef>
    <Rake>2</Rake>
    <RakeEvery>100</RakeEvery>
    <RakeMax>1000000</RakeMax>
    <TurnClock>22</TurnClock>
    <BankClock>33</BankClock>
    <BankReset>30</BankReset>
    <DisProtect>Yes</DisProtect>
    <SmallBlind>2000</SmallBlind>
    <BigBlind>4000</BigBlind>
    <AllowDupeIPs>No</AllowDupeIPs>
    <RatholeMinutes>60</RatholeMinutes>
    <SitoutMinutes>10</SitoutMinutes>
    <SitoutRelaxed>Yes</SitoutRelaxed>
  </RingGame>
  <RingGame>
    <GameID>02 HO 3K/6K - Special</GameID>
    <Description></Description>
    <AutoStart>Yes</AutoStart>
    <GameType>No Limit Hold'em</GameType>
    <Password></Password>
    <Private>No</Private>
    <PermPlay></PermPlay>
    <PermObserve></PermObserve>
    <PermPlayerChat></PermPlayerChat>
    <PermObserverChat></PermObserverChat>
    <SuspendChatAllIn>No</SuspendChatAllIn>
    <Seats>7</Seats>
    <SmallestChip>1</SmallestChip>
    <BuyInMin>120000</BuyInMin>
    <BuyInMax>600000</BuyInMax>
    <BuyInDef>180000</BuyInDef>
    <Rake>2</Rake>
    <RakeEvery>100</RakeEvery>
    <RakeMax>1000000</RakeMax>
    <TurnClock>22</TurnClock>
    <BankClock>33</BankClock>
    <BankReset>30</BankReset>
    <DisProtect>Yes</DisProtect>
    <SmallBlind>3000</SmallBlind>
    <BigBlind>6000</BigBlind>
    <AllowDupeIPs>No</AllowDupeIPs>
    <RatholeMinutes>60</RatholeMinutes>
    <SitoutMinutes>10</SitoutMinutes>
    <SitoutRelaxed>Yes</SitoutRelaxed>
  </RingGame>
  <RingGame>
    <GameID>03 HO 10K/20K - Diamond</GameID>
    <Description></Description>
    <AutoStart>Yes</AutoStart>
    <GameType>No Limit Hold'em</GameType>
    <Password></Password>
    <Private>No</Private>
    <PermPlay></PermPlay>
    <PermObserve></PermObserve>
    <PermPlayerChat></PermPlayerChat>
    <PermObserverChat></PermObserverChat>
    <SuspendChatAllIn>No</SuspendChatAllIn>
    <Seats>9</Seats>
    <SmallestChip>1</SmallestChip>
    <BuyInMin>400000</BuyInMin>
    <BuyInMax>2000000</BuyInMax>
    <BuyInDef>600000</BuyInDef>
    <Rake>2</Rake>
    <RakeEvery>100</RakeEvery>
    <RakeMax>1000000</RakeMax>
    <TurnClock>28</TurnClock>
    <BankClock>42</BankClock>
    <BankReset>30</BankReset>
    <DisProtect>Yes</DisProtect>
    <SmallBlind>10000</SmallBlind>
    <BigBlind>20000</BigBlind>
    <AllowDupeIPs>No</AllowDupeIPs>
    <RatholeMinutes>60</RatholeMinutes>
    <SitoutMinutes>10</SitoutMinutes>
    <SitoutRelaxed>Yes</SitoutRelaxed>
  </RingGame>
  <RingGame>
    <GameID>03 HO 5K/10K - 08</GameID>
    <Description></Description>
    <AutoStart>Yes</AutoStart>
    <GameType>No Limit Hold'em</GameType>
    <Password></Password>
    <Private>No</Private>
    <PermPlay></PermPlay>
    <PermObserve></PermObserve>
    <PermPlayerChat></PermPlayerChat>
    <PermObserverChat></PermObserverChat>
    <SuspendChatAllIn>No</SuspendChatAllIn>
    <Seats>8</Seats>
    <SmallestChip>1</SmallestChip>
    <BuyInMin>200000</BuyInMin>
    <BuyInMax>1000000</BuyInMax>
    <BuyInDef>300000</BuyInDef>
    <Rake>2</Rake>
    <RakeEvery>100</RakeEvery>
    <RakeMax>1000000</RakeMax>
    <TurnClock>24</TurnClock>
    <BankClock>36</BankClock>
    <BankReset>30</BankReset>
    <DisProtect>Yes</DisProtect>
    <SmallBlind>5000</SmallBlind>
    <BigBlind>10000</BigBlind>
    <AllowDupeIPs>No</AllowDupeIPs>
    <RatholeMinutes>60</RatholeMinutes>
    <SitoutMinutes>10</SitoutMinutes>
    <SitoutRelaxed>Yes</SitoutRelaxed>
  </RingGame>
  <RingGame>
    <GameID>03 HO 5K/10K - Fast</GameID>
    <Description></Description>
    <AutoStart>Yes</AutoStart>
    <GameType>No Limit Hold'em</GameType>
    <Password></Password>
    <Private>No</Private>
    <PermPlay></PermPlay>
    <PermObserve></PermObserve>
    <PermPlayerChat></PermPlayerChat>
    <PermObserverChat></PermObserverChat>
    <SuspendChatAllIn>No</SuspendChatAllIn>
    <Seats>10</Seats>
    <SmallestChip>1</SmallestChip>
    <BuyInMin>200000</BuyInMin>
    <BuyInMax>1000000</BuyInMax>
    <BuyInDef>300000</BuyInDef>
    <Rake>2</Rake>
    <RakeEvery>100</RakeEvery>
    <RakeMax>1000000</RakeMax>
    <TurnClock>24</TurnClock>
    <BankClock>36</BankClock>
    <BankReset>30</BankReset>
    <DisProtect>Yes</DisProtect>
    <SmallBlind>5000</SmallBlind>
    <BigBlind>10000</BigBlind>
    <AllowDupeIPs>No</AllowDupeIPs>
    <RatholeMinutes>60</RatholeMinutes>
    <SitoutMinutes>10</SitoutMinutes>
    <SitoutRelaxed>Yes</SitoutRelaxed>
  </RingGame>
  <RingGame>
    <GameID>04 HO 15K/30K - Special</GameID>
    <Description></Description>
    <AutoStart>Yes</AutoStart>
    <GameType>No Limit Hold'em</GameType>
    <Password></Password>
    <Private>No</Private>
    <PermPlay></PermPlay>
    <PermObserve></PermObserve>
    <PermPlayerChat></PermPlayerChat>
    <PermObserverChat></PermObserverChat>
    <SuspendChatAllIn>No</SuspendChatAllIn>
    <Seats>9</Seats>
    <SmallestChip>1</SmallestChip>
    <BuyInMin>600000</BuyInMin>
    <BuyInMax>3000000</BuyInMax>
    <BuyInDef>900000</BuyInDef>
    <Rake>2</Rake>
    <RakeEvery>100</RakeEvery>
    <RakeMax>1000000</RakeMax>
    <TurnClock>28</TurnClock>
    <BankClock>42</BankClock>
    <BankReset>30</BankReset>
    <DisProtect>Yes</DisProtect>
    <SmallBlind>15000</SmallBlind>
    <BigBlind>30000</BigBlind>
    <AllowDupeIPs>No</AllowDupeIPs>
    <RatholeMinutes>60</RatholeMinutes>
    <SitoutMinutes>10</SitoutMinutes>
    <SitoutRelaxed>Yes</SitoutRelaxed>
  </RingGame>
  <RingGame>
    <GameID>05 HO 25K/50K - Super</GameID>
    <Description></Description>
    <AutoStart>Yes</AutoStart>
    <GameType>No Limit Hold'em</GameType>
    <Password></Password>
    <Private>No</Private>
    <PermPlay></PermPlay>
    <PermObserve></PermObserve>
    <PermPlayerChat></PermPlayerChat>
    <PermObserverChat></PermObserverChat>
    <SuspendChatAllIn>No</SuspendChatAllIn>
    <Seats>10</Seats>
    <SmallestChip>1</SmallestChip>
    <BuyInMin>1000000</BuyInMin>
    <BuyInMax>5000000</BuyInMax>
    <BuyInDef>1500000</BuyInDef>
    <Rake>2</Rake>
    <RakeEvery>100</RakeEvery>
    <RakeMax>1000000</RakeMax>
    <TurnClock>30</TurnClock>
    <BankClock>45</BankClock>
    <BankReset>30</BankReset>
    <DisProtect>Yes</DisProtect>
    <SmallBlind>25000</SmallBlind>
    <BigBlind>50000</BigBlind>
    <AllowDupeIPs>No</AllowDupeIPs>
    <RatholeMinutes>60</RatholeMinutes>
    <SitoutMinutes>10</SitoutMinutes>
    <SitoutRelaxed>Yes</SitoutRelaxed>
  </RingGame>
  <RingGame>
    <GameID>05 HO 40K/80K - Super</GameID>
    <Description></Description>
    <AutoStart>Yes</AutoStart>
    <GameType>No Limit Hold'em</GameType>
    <Password></Password>
    <Private>No</Private>
    <PermPlay></PermPlay>
    <PermObserve></PermObserve>
    <PermPlayerChat></PermPlayerChat>
    <PermObserverChat></PermObserverChat>
    <SuspendChatAllIn>No</SuspendChatAllIn>
    <Seats>10</Seats>
    <SmallestChip>1</SmallestChip>
    <BuyInMin>1600000</BuyInMin>
    <BuyInMax>8000000</BuyInMax>
    <BuyInDef>2400000</BuyInDef>
    <Rake>2</Rake>
    <RakeEvery>100</RakeEvery>
    <RakeMax>1000000</RakeMax>
    <TurnClock>30</TurnClock>
    <BankClock>45</BankClock>
    <BankReset>30</BankReset>
    <DisProtect>Yes</DisProtect>
    <SmallBlind>40000</SmallBlind>
    <BigBlind>80000</BigBlind>
    <AllowDupeIPs>No</AllowDupeIPs>
    <RatholeMinutes>60</RatholeMinutes>
    <SitoutMinutes>10</SitoutMinutes>
    <SitoutRelaxed>Yes</SitoutRelaxed>
  </RingGame>
  <RingGame>
    <GameID>06 OM .001K/.002K - Free</GameID>
    <Description></Description>
    <AutoStart>Yes</AutoStart>
    <GameType>Pot Limit Omaha</GameType>
    <Password></Password>
    <Private>No</Private>
    <PermPlay></PermPlay>
    <PermObserve></PermObserve>
    <PermPlayerChat></PermPlayerChat>
    <PermObserverChat></PermObserverChat>
    <SuspendChatAllIn>No</SuspendChatAllIn>
    <Seats>10</Seats>
    <SmallestChip>1</SmallestChip>
    <BuyInMin>40</BuyInMin>
    <BuyInMax>200</BuyInMax>
    <BuyInDef>60</BuyInDef>
    <Rake>2</Rake>
    <RakeEvery>100</RakeEvery>
    <RakeMax>1000000</RakeMax>
    <TurnClock>12</TurnClock>
    <BankClock>18</BankClock>
    <BankReset>30</BankReset>
    <DisProtect>No</DisProtect>
    <SmallBlind>1</SmallBlind>
    <BigBlind>2</BigBlind>
    <AllowDupeIPs>Yes</AllowDupeIPs>
    <RatholeMinutes>60</RatholeMinutes>
    <SitoutMinutes>10</SitoutMinutes>
    <SitoutRelaxed>Yes</SitoutRelaxed>
  </RingGame>
  <RingGame>
    <GameID>06 OM .25K/.5K - 06</GameID>
    <Description></Description>
    <AutoStart>Yes</AutoStart>
    <GameType>Pot Limit Omaha</GameType>
    <Password></Password>
    <Private>No</Private>
    <PermPlay></PermPlay>
    <PermObserve></PermObserve>
    <PermPlayerChat></PermPlayerChat>
    <PermObserverChat></PermObserverChat>
    <SuspendChatAllIn>No</SuspendChatAllIn>
    <Seats>6</Seats>
    <SmallestChip>1</SmallestChip>
    <BuyInMin>10000</BuyInMin>
    <BuyInMax>50000</BuyInMax>
    <BuyInDef>15000</BuyInDef>
    <Rake>2</Rake>
    <RakeEvery>100</RakeEvery>
    <RakeMax>1000000</RakeMax>
    <TurnClock>20</TurnClock>
    <BankClock>30</BankClock>
    <BankReset>30</BankReset>
    <DisProtect>No</DisProtect>
    <SmallBlind>250</SmallBlind>
    <BigBlind>500</BigBlind>
    <AllowDupeIPs>No</AllowDupeIPs>
    <RatholeMinutes>60</RatholeMinutes>
    <SitoutMinutes>10</SitoutMinutes>
    <SitoutRelaxed>Yes</SitoutRelaxed>
  </RingGame>
  <RingGame>
    <GameID>06 OM .25K/.5K - Fast</GameID>
    <Description></Description>
    <AutoStart>Yes</AutoStart>
    <GameType>Pot Limit Omaha</GameType>
    <Password></Password>
    <Private>No</Private>
    <PermPlay></PermPlay>
    <PermObserve></PermObserve>
    <PermPlayerChat></PermPlayerChat>
    <PermObserverChat></PermObserverChat>
    <SuspendChatAllIn>No</SuspendChatAllIn>
    <Seats>8</Seats>
    <SmallestChip>1</SmallestChip>
    <BuyInMin>10000</BuyInMin>
    <BuyInMax>50000</BuyInMax>
    <BuyInDef>15000</BuyInDef>
    <Rake>2</Rake>
    <RakeEvery>100</RakeEvery>
    <RakeMax>1000000</RakeMax>
    <TurnClock>20</TurnClock>
    <BankClock>30</BankClock>
    <BankReset>30</BankReset>
    <DisProtect>No</DisProtect>
    <SmallBlind>250</SmallBlind>
    <BigBlind>500</BigBlind>
    <AllowDupeIPs>No</AllowDupeIPs>
    <RatholeMinutes>60</RatholeMinutes>
    <SitoutMinutes>10</SitoutMinutes>
    <SitoutRelaxed>Yes</SitoutRelaxed>
  </RingGame>
  <RingGame>
    <GameID>06 OM .5K/1K - 06</GameID>
    <Description></Description>
    <AutoStart>Yes</AutoStart>
    <GameType>Pot Limit Omaha</GameType>
    <Password></Password>
    <Private>No</Private>
    <PermPlay></PermPlay>
    <PermObserve></PermObserve>
    <PermPlayerChat></PermPlayerChat>
    <PermObserverChat></PermObserverChat>
    <SuspendChatAllIn>No</SuspendChatAllIn>
    <Seats>6</Seats>
    <SmallestChip>1</SmallestChip>
    <BuyInMin>20000</BuyInMin>
    <BuyInMax>100000</BuyInMax>
    <BuyInDef>30000</BuyInDef>
    <Rake>2</Rake>
    <RakeEvery>100</RakeEvery>
    <RakeMax>1000000</RakeMax>
    <TurnClock>20</TurnClock>
    <BankClock>30</BankClock>
    <BankReset>30</BankReset>
    <DisProtect>No</DisProtect>
    <SmallBlind>500</SmallBlind>
    <BigBlind>1000</BigBlind>
    <AllowDupeIPs>No</AllowDupeIPs>
    <RatholeMinutes>60</RatholeMinutes>
    <SitoutMinutes>10</SitoutMinutes>
    <SitoutRelaxed>Yes</SitoutRelaxed>
  </RingGame>
  <RingGame>
    <GameID>06 OM .5K/1K - Fast</GameID>
    <Description></Description>
    <AutoStart>Yes</AutoStart>
    <GameType>Pot Limit Omaha</GameType>
    <Password></Password>
    <Private>No</Private>
    <PermPlay></PermPlay>
    <PermObserve></PermObserve>
    <PermPlayerChat></PermPlayerChat>
    <PermObserverChat></PermObserverChat>
    <SuspendChatAllIn>No</SuspendChatAllIn>
    <Seats>8</Seats>
    <SmallestChip>1</SmallestChip>
    <BuyInMin>20000</BuyInMin>
    <BuyInMax>100000</BuyInMax>
    <BuyInDef>30000</BuyInDef>
    <Rake>2</Rake>
    <RakeEvery>100</RakeEvery>
    <RakeMax>1000000</RakeMax>
    <TurnClock>20</TurnClock>
    <BankClock>30</BankClock>
    <BankReset>30</BankReset>
    <DisProtect>No</DisProtect>
    <SmallBlind>500</SmallBlind>
    <BigBlind>1000</BigBlind>
    <AllowDupeIPs>No</AllowDupeIPs>
    <RatholeMinutes>60</RatholeMinutes>
    <SitoutMinutes>10</SitoutMinutes>
    <SitoutRelaxed>Yes</SitoutRelaxed>
  </RingGame>
  <RingGame>
    <GameID>07 OM 1K/2K - 06</GameID>
    <Description></Description>
    <AutoStart>Yes</AutoStart>
    <GameType>Pot Limit Omaha</GameType>
    <Password></Password>
    <Private>No</Private>
    <PermPlay></PermPlay>
    <PermObserve></PermObserve>
    <PermPlayerChat></PermPlayerChat>
    <PermObserverChat></PermObserverChat>
    <SuspendChatAllIn>No</SuspendChatAllIn>
    <Seats>6</Seats>
    <SmallestChip>1</SmallestChip>
    <BuyInMin>40000</BuyInMin>
    <BuyInMax>200000</BuyInMax>
    <BuyInDef>60000</BuyInDef>
    <Rake>2</Rake>
    <RakeEvery>100</RakeEvery>
    <RakeMax>1000000</RakeMax>
    <TurnClock>20</TurnClock>
    <BankClock>30</BankClock>
    <BankReset>30</BankReset>
    <DisProtect>No</DisProtect>
    <SmallBlind>1000</SmallBlind>
    <BigBlind>2000</BigBlind>
    <AllowDupeIPs>No</AllowDupeIPs>
    <RatholeMinutes>60</RatholeMinutes>
    <SitoutMinutes>10</SitoutMinutes>
    <SitoutRelaxed>Yes</SitoutRelaxed>
  </RingGame>
  <RingGame>
    <GameID>07 OM 1K/2K - Fast</GameID>
    <Description></Description>
    <AutoStart>Yes</AutoStart>
    <GameType>Pot Limit Omaha</GameType>
    <Password></Password>
    <Private>No</Private>
    <PermPlay></PermPlay>
    <PermObserve></PermObserve>
    <PermPlayerChat></PermPlayerChat>
    <PermObserverChat></PermObserverChat>
    <SuspendChatAllIn>No</SuspendChatAllIn>
    <Seats>8</Seats>
    <SmallestChip>1</SmallestChip>
    <BuyInMin>40000</BuyInMin>
    <BuyInMax>200000</BuyInMax>
    <BuyInDef>60000</BuyInDef>
    <Rake>2</Rake>
    <RakeEvery>100</RakeEvery>
    <RakeMax>1000000</RakeMax>
    <TurnClock>20</TurnClock>
    <BankClock>30</BankClock>
    <BankReset>30</BankReset>
    <DisProtect>No</DisProtect>
    <SmallBlind>1000</SmallBlind>
    <BigBlind>2000</BigBlind>
    <AllowDupeIPs>No</AllowDupeIPs>
    <RatholeMinutes>60</RatholeMinutes>
    <SitoutMinutes>10</SitoutMinutes>
    <SitoutRelaxed>Yes</SitoutRelaxed>
  </RingGame>
  <RingGame>
    <GameID>07 OM 2K/4K - 06</GameID>
    <Description></Description>
    <AutoStart>Yes</AutoStart>
    <GameType>Pot Limit Omaha</GameType>
    <Password></Password>
    <Private>No</Private>
    <PermPlay></PermPlay>
    <PermObserve></PermObserve>
    <PermPlayerChat></PermPlayerChat>
    <PermObserverChat></PermObserverChat>
    <SuspendChatAllIn>No</SuspendChatAllIn>
    <Seats>6</Seats>
    <SmallestChip>1</SmallestChip>
    <BuyInMin>80000</BuyInMin>
    <BuyInMax>400000</BuyInMax>
    <BuyInDef>120000</BuyInDef>
    <Rake>2</Rake>
    <RakeEvery>100</RakeEvery>
    <RakeMax>1000000</RakeMax>
    <TurnClock>22</TurnClock>
    <BankClock>33</BankClock>
    <BankReset>30</BankReset>
    <DisProtect>Yes</DisProtect>
    <SmallBlind>2000</SmallBlind>
    <BigBlind>4000</BigBlind>
    <AllowDupeIPs>No</AllowDupeIPs>
    <RatholeMinutes>60</RatholeMinutes>
    <SitoutMinutes>10</SitoutMinutes>
    <SitoutRelaxed>Yes</SitoutRelaxed>
  </RingGame>
  <RingGame>
    <GameID>07 OM 2K/4K - Fast</GameID>
    <Description></Description>
    <AutoStart>Yes</AutoStart>
    <GameType>Pot Limit Omaha</GameType>
    <Password></Password>
    <Private>No</Private>
    <PermPlay></PermPlay>
    <PermObserve></PermObserve>
    <PermPlayerChat></PermPlayerChat>
    <PermObserverChat></PermObserverChat>
    <SuspendChatAllIn>No</SuspendChatAllIn>
    <Seats>8</Seats>
    <SmallestChip>1</SmallestChip>
    <BuyInMin>80000</BuyInMin>
    <BuyInMax>400000</BuyInMax>
    <BuyInDef>120000</BuyInDef>
    <Rake>2</Rake>
    <RakeEvery>100</RakeEvery>
    <RakeMax>1000000</RakeMax>
    <TurnClock>22</TurnClock>
    <BankClock>33</BankClock>
    <BankReset>30</BankReset>
    <DisProtect>Yes</DisProtect>
    <SmallBlind>2000</SmallBlind>
    <BigBlind>4000</BigBlind>
    <AllowDupeIPs>No</AllowDupeIPs>
    <RatholeMinutes>60</RatholeMinutes>
    <SitoutMinutes>10</SitoutMinutes>
    <SitoutRelaxed>Yes</SitoutRelaxed>
  </RingGame>
  <RingGame>
    <GameID>08 OM 3K/6K - Special</GameID>
    <Description></Description>
    <AutoStart>Yes</AutoStart>
    <GameType>Pot Limit Omaha</GameType>
    <Password></Password>
    <Private>No</Private>
    <PermPlay></PermPlay>
    <PermObserve></PermObserve>
    <PermPlayerChat></PermPlayerChat>
    <PermObserverChat></PermObserverChat>
    <SuspendChatAllIn>No</SuspendChatAllIn>
    <Seats>7</Seats>
    <SmallestChip>1</SmallestChip>
    <BuyInMin>120000</BuyInMin>
    <BuyInMax>600000</BuyInMax>
    <BuyInDef>180000</BuyInDef>
    <Rake>2</Rake>
    <RakeEvery>100</RakeEvery>
    <RakeMax>1000000</RakeMax>
    <TurnClock>22</TurnClock>
    <BankClock>33</BankClock>
    <BankReset>30</BankReset>
    <DisProtect>Yes</DisProtect>
    <SmallBlind>3000</SmallBlind>
    <BigBlind>6000</BigBlind>
    <AllowDupeIPs>No</AllowDupeIPs>
    <RatholeMinutes>60</RatholeMinutes>
    <SitoutMinutes>10</SitoutMinutes>
    <SitoutRelaxed>Yes</SitoutRelaxed>
  </RingGame>
  <RingGame>
    <GameID>09 OM 10K/20K - Diamond</GameID>
    <Description></Description>
    <AutoStart>Yes</AutoStart>
    <GameType>Pot Limit Omaha</GameType>
    <Password></Password>
    <Private>No</Private>
    <PermPlay></PermPlay>
    <PermObserve></PermObserve>
    <PermPlayerChat></PermPlayerChat>
    <PermObserverChat></PermObserverChat>
    <SuspendChatAllIn>No</SuspendChatAllIn>
    <Seats>9</Seats>
    <SmallestChip>1</SmallestChip>
    <BuyInMin>400000</BuyInMin>
    <BuyInMax>2000000</BuyInMax>
    <BuyInDef>600000</BuyInDef>
    <Rake>2</Rake>
    <RakeEvery>100</RakeEvery>
    <RakeMax>1000000</RakeMax>
    <TurnClock>28</TurnClock>
    <BankClock>42</BankClock>
    <BankReset>30</BankReset>
    <DisProtect>Yes</DisProtect>
    <SmallBlind>10000</SmallBlind>
    <BigBlind>20000</BigBlind>
    <AllowDupeIPs>No</AllowDupeIPs>
    <RatholeMinutes>60</RatholeMinutes>
    <SitoutMinutes>10</SitoutMinutes>
    <SitoutRelaxed>Yes</SitoutRelaxed>
  </RingGame>
  <RingGame>
    <GameID>09 OM 5K/10K - 06</GameID>
    <Description></Description>
    <AutoStart>Yes</AutoStart>
    <GameType>Pot Limit Omaha</GameType>
    <Password></Password>
    <Private>No</Private>
    <PermPlay></PermPlay>
    <PermObserve></PermObserve>
    <PermPlayerChat></PermPlayerChat>
    <PermObserverChat></PermObserverChat>
    <SuspendChatAllIn>No</SuspendChatAllIn>
    <Seats>6</Seats>
    <SmallestChip>1</SmallestChip>
    <BuyInMin>200000</BuyInMin>
    <BuyInMax>1000000</BuyInMax>
    <BuyInDef>300000</BuyInDef>
    <Rake>2</Rake>
    <RakeEvery>100</RakeEvery>
    <RakeMax>1000000</RakeMax>
    <TurnClock>24</TurnClock>
    <BankClock>36</BankClock>
    <BankReset>30</BankReset>
    <DisProtect>Yes</DisProtect>
    <SmallBlind>5000</SmallBlind>
    <BigBlind>10000</BigBlind>
    <AllowDupeIPs>No</AllowDupeIPs>
    <RatholeMinutes>60</RatholeMinutes>
    <SitoutMinutes>10</SitoutMinutes>
    <SitoutRelaxed>Yes</SitoutRelaxed>
  </RingGame>
  <RingGame>
    <GameID>09 OM 5K/10K - Fast</GameID>
    <Description></Description>
    <AutoStart>Yes</AutoStart>
    <GameType>Pot Limit Omaha</GameType>
    <Password></Password>
    <Private>No</Private>
    <PermPlay></PermPlay>
    <PermObserve></PermObserve>
    <PermPlayerChat></PermPlayerChat>
    <PermObserverChat></PermObserverChat>
    <SuspendChatAllIn>No</SuspendChatAllIn>
    <Seats>8</Seats>
    <SmallestChip>1</SmallestChip>
    <BuyInMin>200000</BuyInMin>
    <BuyInMax>1000000</BuyInMax>
    <BuyInDef>300000</BuyInDef>
    <Rake>2</Rake>
    <RakeEvery>100</RakeEvery>
    <RakeMax>1000000</RakeMax>
    <TurnClock>24</TurnClock>
    <BankClock>36</BankClock>
    <BankReset>30</BankReset>
    <DisProtect>Yes</DisProtect>
    <SmallBlind>5000</SmallBlind>
    <BigBlind>10000</BigBlind>
    <AllowDupeIPs>No</AllowDupeIPs>
    <RatholeMinutes>60</RatholeMinutes>
    <SitoutMinutes>10</SitoutMinutes>
    <SitoutRelaxed>Yes</SitoutRelaxed>
  </RingGame>
  <RingGame>
    <GameID>10 OM 10K/20K - Special</GameID>
    <Description></Description>
    <AutoStart>Yes</AutoStart>
    <GameType>Pot Limit Omaha</GameType>
    <Password></Password>
    <Private>No</Private>
    <PermPlay></PermPlay>
    <PermObserve></PermObserve>
    <PermPlayerChat></PermPlayerChat>
    <PermObserverChat></PermObserverChat>
    <SuspendChatAllIn>No</SuspendChatAllIn>
    <Seats>9</Seats>
    <SmallestChip>1</SmallestChip>
    <BuyInMin>400000</BuyInMin>
    <BuyInMax>2000000</BuyInMax>
    <BuyInDef>600000</BuyInDef>
    <Rake>2</Rake>
    <RakeEvery>100</RakeEvery>
    <RakeMax>1000000</RakeMax>
    <TurnClock>28</TurnClock>
    <BankClock>42</BankClock>
    <BankReset>30</BankReset>
    <DisProtect>Yes</DisProtect>
    <SmallBlind>10000</SmallBlind>
    <BigBlind>20000</BigBlind>
    <AllowDupeIPs>No</AllowDupeIPs>
    <RatholeMinutes>60</RatholeMinutes>
    <SitoutMinutes>10</SitoutMinutes>
    <SitoutRelaxed>Yes</SitoutRelaxed>
  </RingGame>
  <RingGame>
    <GameID>11 25K/50K - Super</GameID>
    <Description></Description>
    <AutoStart>Yes</AutoStart>
    <GameType>No Limit Hold'em</GameType>
    <Password></Password>
    <Private>No</Private>
    <PermPlay></PermPlay>
    <PermObserve></PermObserve>
    <PermPlayerChat></PermPlayerChat>
    <PermObserverChat></PermObserverChat>
    <SuspendChatAllIn>No</SuspendChatAllIn>
    <Seats>10</Seats>
    <SmallestChip>1</SmallestChip>
    <BuyInMin>1000000</BuyInMin>
    <BuyInMax>5000000</BuyInMax>
    <BuyInDef>1500000</BuyInDef>
    <Rake>2</Rake>
    <RakeEvery>100</RakeEvery>
    <RakeMax>1000000</RakeMax>
    <TurnClock>30</TurnClock>
    <BankClock>45</BankClock>
    <BankReset>30</BankReset>
    <DisProtect>Yes</DisProtect>
    <SmallBlind>25000</SmallBlind>
    <BigBlind>50000</BigBlind>
    <AllowDupeIPs>No</AllowDupeIPs>
    <RatholeMinutes>60</RatholeMinutes>
    <SitoutMinutes>10</SitoutMinutes>
    <SitoutRelaxed>Yes</SitoutRelaxed>
  </RingGame>
  <RingGame>
    <GameID>11 40K/80K - Super</GameID>
    <Description></Description>
    <AutoStart>Yes</AutoStart>
    <GameType>No Limit Hold'em</GameType>
    <Password></Password>
    <Private>No</Private>
    <PermPlay></PermPlay>
    <PermObserve></PermObserve>
    <PermPlayerChat></PermPlayerChat>
    <PermObserverChat></PermObserverChat>
    <SuspendChatAllIn>No</SuspendChatAllIn>
    <Seats>10</Seats>
    <SmallestChip>1</SmallestChip>
    <BuyInMin>1600000</BuyInMin>
    <BuyInMax>8000000</BuyInMax>
    <BuyInDef>2400000</BuyInDef>
    <Rake>2</Rake>
    <RakeEvery>100</RakeEvery>
    <RakeMax>1000000</RakeMax>
    <TurnClock>30</TurnClock>
    <BankClock>45</BankClock>
    <BankReset>30</BankReset>
    <DisProtect>Yes</DisProtect>
    <SmallBlind>40000</SmallBlind>
    <BigBlind>80000</BigBlind>
    <AllowDupeIPs>No</AllowDupeIPs>
    <RatholeMinutes>60</RatholeMinutes>
    <SitoutMinutes>10</SitoutMinutes>
    <SitoutRelaxed>Yes</SitoutRelaxed>
  </RingGame>
</Poker_Mavens_Ring_Games>
