﻿<?xml version="1.0"?>
<Poker_Mavens_Tournaments>
  <Version>2.00</Version>
  <Tournament>
    <GameID>FreeRoll - HO 2000K - 23:00</GameID>
    <Description>Minimum 40 nafar - vorodi 5k - rebuy 5K</Description>
    <AutoStart>Yes</AutoStart>
    <GameType>No Limit Hold'em</GameType>
    <Shootout>No</Shootout>
    <Password></Password>
    <Private>No</Private>
    <PermRegister></PermRegister>
    <PermUnregister></PermUnregister>
    <PermObserve></PermObserve>
    <PermPlayerChat></PermPlayerChat>
    <PermObserverChat></PermObserverChat>
    <SuspendChatAllIn>No</SuspendChatAllIn>
    <Tables>40</Tables>
    <Seats>10</Seats>
    <StartFull>No</StartFull>
    <StartMin>0</StartMin>
    <StartCode>0</StartCode>
    <StartTime>2015-10-15 23:00</StartTime>
    <RegMinutes>0</RegMinutes>
    <LateRegMinutes>10</LateRegMinutes>
    <MinPlayers>40</MinPlayers>
    <RecurMinutes>1440</RecurMinutes>
    <NoShowMinutes>0</NoShowMinutes>
    <BuyIn>5000</BuyIn>
    <EntryFee>0</EntryFee>
    <PrizeBonus>2000000</PrizeBonus>
    <MultiplyBonus>Min</MultiplyBonus>
    <StartingChips>1500</StartingChips>
    <AddOnChips>0</AddOnChips>
    <TurnClock>30</TurnClock>
    <BankClock>60</BankClock>
    <BankReset>0</BankReset>
    <DisProtect>Yes</DisProtect>
    <LevelDuration>15</LevelDuration>
    <RebuyLevels>10</RebuyLevels>
    <Threshold>1500</Threshold>
    <MaxRebuys>10</MaxRebuys>
    <RebuyCost>5000</RebuyCost>
    <RebuyFee>0</RebuyFee>
    <BreakTime>5</BreakTime>
    <BreakLevels>6</BreakLevels>
    <StopOnChop>No</StopOnChop>
    <Blinds>10/20/0, 15/30/0, 25/50/0, 50/100/0, 75/150/0, 100/200/0, 100/200/25, 200/400/25, 300/600/50, 400/800/50, 600/1200/75, 800/1600/75, 1000/2000/100, 1500/3000/150, 2000/4000/200, 3000/6000/300, 4000/8000/400, 6000/12000/600, 8000/16000/800, 10000/20000/1000, 15000/30000/1500, 20000/40000/2000, 25000/50000/2500, 35000/70000/3500, 45000/90000/4500, 55000/110000/5500, 70000/140000/7000, 85000/170000/8500, 100000/200000/10000, 125000/250000/12500</Blinds>
    <Payout>2-4, 100.00|5-7, 65.00, 35.00|8-10, 50.00, 30.00, 20.00|11-20, 45.00, 28.00, 17.00, 10.00|21-40, 36.00, 23.00, 15.00, 11.00, 8.00, 7.00|41-70, 30.00, 20.00, 14.00, 10.00, 8.00, 7.00, 6.00, 5.00|71-100, 29.00, 18.00, 12.50, 10.00, 8.00, 6.50, 5.50, 4.50, 3.50, 2.50|101-200, 28.00, 17.50, 11.50, 8.50, 7.00, 5.50, 4.50, 3.50, 2.50, 1.50, 1.00x10|201-400, 27.00, 16.50, 10.50, 8.00, 6.25, 4.75, 3.75, 2.75, 1.75, 1.25, 0.75x10, 0.50x20|401-700, 26.00, 15.50, 10.00, 7.50, 6.00, 4.50, 3.50, 2.50, 1.50, 1.00, 0.65x10, 0.40x20, 0.25x30|701-1000, 25.00, 15.00, 10.00, 7.25, 5.50, 4.25, 3.25, 2.25, 1.25, 0.75, 0.55x10, 0.40x20, 0.25x30, 0.15x30</Payout>
    <UnregLogout>Yes</UnregLogout>
  </Tournament>
  <Tournament>
    <GameID>FreeRoll - HO 200k - 11:00</GameID>
    <Description>minimum player 14 - vorodi nadarad - rebuy 1k</Description>
    <AutoStart>Yes</AutoStart>
    <GameType>No Limit Hold'em</GameType>
    <Shootout>No</Shootout>
    <Password></Password>
    <Private>No</Private>
    <PermRegister></PermRegister>
    <PermUnregister></PermUnregister>
    <PermObserve></PermObserve>
    <PermPlayerChat></PermPlayerChat>
    <PermObserverChat></PermObserverChat>
    <SuspendChatAllIn>No</SuspendChatAllIn>
    <Tables>100</Tables>
    <Seats>10</Seats>
    <StartFull>No</StartFull>
    <StartMin>0</StartMin>
    <StartCode>0</StartCode>
    <StartTime>2015-10-05 11:00</StartTime>
    <RegMinutes>0</RegMinutes>
    <LateRegMinutes>10</LateRegMinutes>
    <MinPlayers>14</MinPlayers>
    <RecurMinutes>-1</RecurMinutes>
    <NoShowMinutes>0</NoShowMinutes>
    <BuyIn>0</BuyIn>
    <EntryFee>0</EntryFee>
    <PrizeBonus>200000</PrizeBonus>
    <MultiplyBonus>No</MultiplyBonus>
    <StartingChips>1500</StartingChips>
    <AddOnChips>0</AddOnChips>
    <TurnClock>30</TurnClock>
    <BankClock>60</BankClock>
    <BankReset>0</BankReset>
    <DisProtect>Yes</DisProtect>
    <LevelDuration>10</LevelDuration>
    <RebuyLevels>10</RebuyLevels>
    <Threshold>1500</Threshold>
    <MaxRebuys>30</MaxRebuys>
    <RebuyCost>1000</RebuyCost>
    <RebuyFee>0</RebuyFee>
    <BreakTime>5</BreakTime>
    <BreakLevels>6</BreakLevels>
    <StopOnChop>No</StopOnChop>
    <Blinds>10/20/0, 15/30/0, 25/50/0, 50/100/0, 75/150/0, 100/200/0, 100/200/25, 200/400/25, 300/600/50, 400/800/50, 600/1200/75, 800/1600/75, 1000/2000/100, 1500/3000/150, 2000/4000/200, 3000/6000/300, 4000/8000/400, 6000/12000/600, 8000/16000/800, 10000/20000/1000, 15000/30000/1500, 20000/40000/2000, 25000/50000/2500, 35000/70000/3500, 45000/90000/4500, 55000/110000/5500, 70000/140000/7000, 85000/170000/8500, 100000/200000/10000, 125000/250000/12500</Blinds>
    <Payout>2-4, 100.00|5-7, 65.00, 35.00|8-10, 50.00, 30.00, 20.00|11-20, 45.00, 28.00, 17.00, 10.00|21-40, 36.00, 23.00, 15.00, 11.00, 8.00, 7.00|41-70, 30.00, 20.00, 14.00, 10.00, 8.00, 7.00, 6.00, 5.00|71-100, 29.00, 18.00, 12.50, 10.00, 8.00, 6.50, 5.50, 4.50, 3.50, 2.50|101-200, 28.00, 17.50, 11.50, 8.50, 7.00, 5.50, 4.50, 3.50, 2.50, 1.50, 1.00x10|201-400, 27.00, 16.50, 10.50, 8.00, 6.25, 4.75, 3.75, 2.75, 1.75, 1.25, 0.75x10, 0.50x20|401-700, 26.00, 15.50, 10.00, 7.50, 6.00, 4.50, 3.50, 2.50, 1.50, 1.00, 0.65x10, 0.40x20, 0.25x30|701-1000, 25.00, 15.00, 10.00, 7.25, 5.50, 4.25, 3.25, 2.25, 1.25, 0.75, 0.55x10, 0.40x20, 0.25x30, 0.15x30</Payout>
    <UnregLogout>Yes</UnregLogout>
  </Tournament>
  <Tournament>
    <GameID>FreeRoll - HO 300K - 15:00</GameID>
    <Description>minimum player 20 - vorodi nadarad - rebuy 1k</Description>
    <AutoStart>Yes</AutoStart>
    <GameType>No Limit Hold'em</GameType>
    <Shootout>No</Shootout>
    <Password></Password>
    <Private>No</Private>
    <PermRegister></PermRegister>
    <PermUnregister></PermUnregister>
    <PermObserve></PermObserve>
    <PermPlayerChat></PermPlayerChat>
    <PermObserverChat></PermObserverChat>
    <SuspendChatAllIn>No</SuspendChatAllIn>
    <Tables>20</Tables>
    <Seats>10</Seats>
    <StartFull>No</StartFull>
    <StartMin>0</StartMin>
    <StartCode>0</StartCode>
    <StartTime>2015-10-16 15:00</StartTime>
    <RegMinutes>0</RegMinutes>
    <LateRegMinutes>10</LateRegMinutes>
    <MinPlayers>20</MinPlayers>
    <RecurMinutes>1440</RecurMinutes>
    <NoShowMinutes>0</NoShowMinutes>
    <BuyIn>0</BuyIn>
    <EntryFee>0</EntryFee>
    <PrizeBonus>300000</PrizeBonus>
    <MultiplyBonus>Min</MultiplyBonus>
    <StartingChips>1500</StartingChips>
    <AddOnChips>0</AddOnChips>
    <TurnClock>30</TurnClock>
    <BankClock>60</BankClock>
    <BankReset>0</BankReset>
    <DisProtect>No</DisProtect>
    <LevelDuration>10</LevelDuration>
    <RebuyLevels>20</RebuyLevels>
    <Threshold>1500</Threshold>
    <MaxRebuys>50</MaxRebuys>
    <RebuyCost>1000</RebuyCost>
    <RebuyFee>0</RebuyFee>
    <BreakTime>5</BreakTime>
    <BreakLevels>6</BreakLevels>
    <StopOnChop>No</StopOnChop>
    <Blinds>10/20/0, 15/30/0, 25/50/0, 50/100/0, 75/150/0, 100/200/0, 100/200/25, 200/400/25, 300/600/50, 400/800/50, 600/1200/75, 800/1600/75, 1000/2000/100, 1500/3000/150, 2000/4000/200, 3000/6000/300, 4000/8000/400, 6000/12000/600, 8000/16000/800, 10000/20000/1000, 15000/30000/1500, 20000/40000/2000, 25000/50000/2500, 35000/70000/3500, 45000/90000/4500, 55000/110000/5500, 70000/140000/7000, 85000/170000/8500, 100000/200000/10000, 125000/250000/12500</Blinds>
    <Payout>2-4, 100.00|5-7, 65.00, 35.00|8-10, 50.00, 30.00, 20.00|11-20, 45.00, 28.00, 17.00, 10.00|21-40, 36.00, 23.00, 15.00, 11.00, 8.00, 7.00|41-70, 30.00, 20.00, 14.00, 10.00, 8.00, 7.00, 6.00, 5.00|71-100, 29.00, 18.00, 12.50, 10.00, 8.00, 6.50, 5.50, 4.50, 3.50, 2.50|101-200, 28.00, 17.50, 11.50, 8.50, 7.00, 5.50, 4.50, 3.50, 2.50, 1.50, 1.00x10|201-400, 27.00, 16.50, 10.50, 8.00, 6.25, 4.75, 3.75, 2.75, 1.75, 1.25, 0.75x10, 0.50x20|401-700, 26.00, 15.50, 10.00, 7.50, 6.00, 4.50, 3.50, 2.50, 1.50, 1.00, 0.65x10, 0.40x20, 0.25x30|701-1000, 25.00, 15.00, 10.00, 7.25, 5.50, 4.25, 3.25, 2.25, 1.25, 0.75, 0.55x10, 0.40x20, 0.25x30, 0.15x30</Payout>
    <UnregLogout>Yes</UnregLogout>
  </Tournament>
  <Tournament>
    <GameID>FreeRoll - HO 500K - 18:00 </GameID>
    <Description>minimum player 20 - vorodi nadarad - rebuy 2k</Description>
    <AutoStart>Yes</AutoStart>
    <GameType>No Limit Hold'em</GameType>
    <Shootout>No</Shootout>
    <Password></Password>
    <Private>No</Private>
    <PermRegister></PermRegister>
    <PermUnregister></PermUnregister>
    <PermObserve></PermObserve>
    <PermPlayerChat></PermPlayerChat>
    <PermObserverChat></PermObserverChat>
    <SuspendChatAllIn>No</SuspendChatAllIn>
    <Tables>50</Tables>
    <Seats>10</Seats>
    <StartFull>No</StartFull>
    <StartMin>0</StartMin>
    <StartCode>0</StartCode>
    <StartTime>2015-10-15 18:00</StartTime>
    <RegMinutes>0</RegMinutes>
    <LateRegMinutes>10</LateRegMinutes>
    <MinPlayers>20</MinPlayers>
    <RecurMinutes>1440</RecurMinutes>
    <NoShowMinutes>0</NoShowMinutes>
    <BuyIn>0</BuyIn>
    <EntryFee>0</EntryFee>
    <PrizeBonus>500000</PrizeBonus>
    <MultiplyBonus>Min</MultiplyBonus>
    <StartingChips>1500</StartingChips>
    <AddOnChips>0</AddOnChips>
    <TurnClock>10</TurnClock>
    <BankClock>60</BankClock>
    <BankReset>0</BankReset>
    <DisProtect>Yes</DisProtect>
    <LevelDuration>10</LevelDuration>
    <RebuyLevels>5</RebuyLevels>
    <Threshold>1500</Threshold>
    <MaxRebuys>1000</MaxRebuys>
    <RebuyCost>2000</RebuyCost>
    <RebuyFee>0</RebuyFee>
    <BreakTime>5</BreakTime>
    <BreakLevels>6</BreakLevels>
    <StopOnChop>No</StopOnChop>
    <Blinds>10/20/0, 15/30/0, 25/50/0, 50/100/0, 75/150/0, 100/200/0, 100/200/25, 200/400/25, 300/600/50, 400/800/50, 600/1200/75, 800/1600/75, 1000/2000/100, 1500/3000/150, 2000/4000/200, 3000/6000/300, 4000/8000/400, 6000/12000/600, 8000/16000/800, 10000/20000/1000, 15000/30000/1500, 20000/40000/2000, 25000/50000/2500, 35000/70000/3500, 45000/90000/4500, 55000/110000/5500, 70000/140000/7000, 85000/170000/8500, 100000/200000/10000, 125000/250000/12500</Blinds>
    <Payout>2-4, 100.00|5-7, 65.00, 35.00|8-10, 50.00, 30.00, 20.00|11-20, 45.00, 28.00, 17.00, 10.00|21-40, 36.00, 23.00, 15.00, 11.00, 8.00, 7.00|41-70, 30.00, 20.00, 14.00, 10.00, 8.00, 7.00, 6.00, 5.00|71-100, 29.00, 18.00, 12.50, 10.00, 8.00, 6.50, 5.50, 4.50, 3.50, 2.50|101-200, 28.00, 17.50, 11.50, 8.50, 7.00, 5.50, 4.50, 3.50, 2.50, 1.50, 1.00x10|201-400, 27.00, 16.50, 10.50, 8.00, 6.25, 4.75, 3.75, 2.75, 1.75, 1.25, 0.75x10, 0.50x20|401-700, 26.00, 15.50, 10.00, 7.50, 6.00, 4.50, 3.50, 2.50, 1.50, 1.00, 0.65x10, 0.40x20, 0.25x30|701-1000, 25.00, 15.00, 10.00, 7.25, 5.50, 4.25, 3.25, 2.25, 1.25, 0.75, 0.55x10, 0.40x20, 0.25x30, 0.15x30</Payout>
    <UnregLogout>Yes</UnregLogout>
  </Tournament>
  <Tournament>
    <GameID>FreeRoll - OM 1000K - 21:00 </GameID>
    <Description>minimum player 35 - vorodi 5k - Rebuy 5k</Description>
    <AutoStart>Yes</AutoStart>
    <GameType>Pot Limit Omaha</GameType>
    <Shootout>No</Shootout>
    <Password></Password>
    <Private>No</Private>
    <PermRegister></PermRegister>
    <PermUnregister></PermUnregister>
    <PermObserve></PermObserve>
    <PermPlayerChat></PermPlayerChat>
    <PermObserverChat></PermObserverChat>
    <SuspendChatAllIn>No</SuspendChatAllIn>
    <Tables>50</Tables>
    <Seats>10</Seats>
    <StartFull>No</StartFull>
    <StartMin>0</StartMin>
    <StartCode>0</StartCode>
    <StartTime>2015-10-15 21:00</StartTime>
    <RegMinutes>0</RegMinutes>
    <LateRegMinutes>10</LateRegMinutes>
    <MinPlayers>35</MinPlayers>
    <RecurMinutes>1440</RecurMinutes>
    <NoShowMinutes>0</NoShowMinutes>
    <BuyIn>5000</BuyIn>
    <EntryFee>0</EntryFee>
    <PrizeBonus>1000000</PrizeBonus>
    <MultiplyBonus>Min</MultiplyBonus>
    <StartingChips>1500</StartingChips>
    <AddOnChips>0</AddOnChips>
    <TurnClock>30</TurnClock>
    <BankClock>60</BankClock>
    <BankReset>0</BankReset>
    <DisProtect>Yes</DisProtect>
    <LevelDuration>10</LevelDuration>
    <RebuyLevels>5</RebuyLevels>
    <Threshold>1500</Threshold>
    <MaxRebuys>30</MaxRebuys>
    <RebuyCost>5000</RebuyCost>
    <RebuyFee>0</RebuyFee>
    <BreakTime>5</BreakTime>
    <BreakLevels>6</BreakLevels>
    <StopOnChop>No</StopOnChop>
    <Blinds>10/20/0, 15/30/0, 25/50/0, 50/100/0, 75/150/0, 100/200/0, 100/200/25, 200/400/25, 300/600/50, 400/800/50, 600/1200/75, 800/1600/75, 1000/2000/100, 1500/3000/150, 2000/4000/200, 3000/6000/300, 4000/8000/400, 6000/12000/600, 8000/16000/800, 10000/20000/1000, 15000/30000/1500, 20000/40000/2000, 25000/50000/2500, 35000/70000/3500, 45000/90000/4500, 55000/110000/5500, 70000/140000/7000, 85000/170000/8500, 100000/200000/10000, 125000/250000/12500</Blinds>
    <Payout>2-4, 100.00|5-7, 65.00, 35.00|8-10, 50.00, 30.00, 20.00|11-20, 45.00, 28.00, 17.00, 10.00|21-40, 36.00, 23.00, 15.00, 11.00, 8.00, 7.00|41-70, 30.00, 20.00, 14.00, 10.00, 8.00, 7.00, 6.00, 5.00|71-100, 29.00, 18.00, 12.50, 10.00, 8.00, 6.50, 5.50, 4.50, 3.50, 2.50|101-200, 28.00, 17.50, 11.50, 8.50, 7.00, 5.50, 4.50, 3.50, 2.50, 1.50, 1.00x10|201-400, 27.00, 16.50, 10.50, 8.00, 6.25, 4.75, 3.75, 2.75, 1.75, 1.25, 0.75x10, 0.50x20|401-700, 26.00, 15.50, 10.00, 7.50, 6.00, 4.50, 3.50, 2.50, 1.50, 1.00, 0.65x10, 0.40x20, 0.25x30|701-1000, 25.00, 15.00, 10.00, 7.25, 5.50, 4.25, 3.25, 2.25, 1.25, 0.75, 0.55x10, 0.40x20, 0.25x30, 0.15x30</Payout>
    <UnregLogout>Yes</UnregLogout>
  </Tournament>
  <Tournament>
    <GameID>FreeRoll - OM 500K - 02:00</GameID>
    <Description>minimum player 20 - vorodi nadarad - rebuy 2k</Description>
    <AutoStart>Yes</AutoStart>
    <GameType>Pot Limit Omaha</GameType>
    <Shootout>No</Shootout>
    <Password></Password>
    <Private>No</Private>
    <PermRegister></PermRegister>
    <PermUnregister></PermUnregister>
    <PermObserve></PermObserve>
    <PermPlayerChat></PermPlayerChat>
    <PermObserverChat></PermObserverChat>
    <SuspendChatAllIn>No</SuspendChatAllIn>
    <Tables>20</Tables>
    <Seats>10</Seats>
    <StartFull>No</StartFull>
    <StartMin>0</StartMin>
    <StartCode>0</StartCode>
    <StartTime>2015-10-16 02:00</StartTime>
    <RegMinutes>0</RegMinutes>
    <LateRegMinutes>10</LateRegMinutes>
    <MinPlayers>14</MinPlayers>
    <RecurMinutes>1440</RecurMinutes>
    <NoShowMinutes>0</NoShowMinutes>
    <BuyIn>0</BuyIn>
    <EntryFee>0</EntryFee>
    <PrizeBonus>500000</PrizeBonus>
    <MultiplyBonus>Min</MultiplyBonus>
    <StartingChips>1500</StartingChips>
    <AddOnChips>0</AddOnChips>
    <TurnClock>30</TurnClock>
    <BankClock>60</BankClock>
    <BankReset>0</BankReset>
    <DisProtect>Yes</DisProtect>
    <LevelDuration>10</LevelDuration>
    <RebuyLevels>7</RebuyLevels>
    <Threshold>1500</Threshold>
    <MaxRebuys>35</MaxRebuys>
    <RebuyCost>2000</RebuyCost>
    <RebuyFee>0</RebuyFee>
    <BreakTime>5</BreakTime>
    <BreakLevels>6</BreakLevels>
    <StopOnChop>No</StopOnChop>
    <Blinds>10/20/0, 15/30/0, 25/50/0, 50/100/0, 75/150/0, 100/200/0, 100/200/25, 200/400/25, 300/600/50, 400/800/50, 600/1200/75, 800/1600/75, 1000/2000/100, 1500/3000/150, 2000/4000/200, 3000/6000/300, 4000/8000/400, 6000/12000/600, 8000/16000/800, 10000/20000/1000, 15000/30000/1500, 20000/40000/2000, 25000/50000/2500, 35000/70000/3500, 45000/90000/4500, 55000/110000/5500, 70000/140000/7000, 85000/170000/8500, 100000/200000/10000, 125000/250000/12500</Blinds>
    <Payout>2-4, 100.00|5-7, 65.00, 35.00|8-10, 50.00, 30.00, 20.00|11-20, 45.00, 28.00, 17.00, 10.00|21-40, 36.00, 23.00, 15.00, 11.00, 8.00, 7.00|41-70, 30.00, 20.00, 14.00, 10.00, 8.00, 7.00, 6.00, 5.00|71-100, 29.00, 18.00, 12.50, 10.00, 8.00, 6.50, 5.50, 4.50, 3.50, 2.50|101-200, 28.00, 17.50, 11.50, 8.50, 7.00, 5.50, 4.50, 3.50, 2.50, 1.50, 1.00x10|201-400, 27.00, 16.50, 10.50, 8.00, 6.25, 4.75, 3.75, 2.75, 1.75, 1.25, 0.75x10, 0.50x20|401-700, 26.00, 15.50, 10.00, 7.50, 6.00, 4.50, 3.50, 2.50, 1.50, 1.00, 0.65x10, 0.40x20, 0.25x30|701-1000, 25.00, 15.00, 10.00, 7.25, 5.50, 4.25, 3.25, 2.25, 1.25, 0.75, 0.55x10, 0.40x20, 0.25x30, 0.15x30</Payout>
    <UnregLogout>Yes</UnregLogout>
  </Tournament>
  <Tournament>
    <GameID>Sit and Go 1 K</GameID>
    <Description></Description>
    <AutoStart>Yes</AutoStart>
    <GameType>No Limit Hold'em</GameType>
    <Shootout>No</Shootout>
    <Password></Password>
    <Private>No</Private>
    <PermRegister></PermRegister>
    <PermUnregister></PermUnregister>
    <PermObserve></PermObserve>
    <PermPlayerChat></PermPlayerChat>
    <PermObserverChat></PermObserverChat>
    <SuspendChatAllIn>No</SuspendChatAllIn>
    <Tables>1</Tables>
    <Seats>10</Seats>
    <StartFull>Yes</StartFull>
    <StartMin>0</StartMin>
    <StartCode>0</StartCode>
    <StartTime>0000-00-00 00:00</StartTime>
    <RegMinutes>0</RegMinutes>
    <LateRegMinutes>30</LateRegMinutes>
    <MinPlayers>2</MinPlayers>
    <RecurMinutes>1</RecurMinutes>
    <NoShowMinutes>0</NoShowMinutes>
    <BuyIn>1000</BuyIn>
    <EntryFee>100</EntryFee>
    <PrizeBonus>0</PrizeBonus>
    <MultiplyBonus>No</MultiplyBonus>
    <StartingChips>1500</StartingChips>
    <AddOnChips>0</AddOnChips>
    <TurnClock>30</TurnClock>
    <BankClock>60</BankClock>
    <BankReset>0</BankReset>
    <DisProtect>No</DisProtect>
    <LevelDuration>10</LevelDuration>
    <RebuyLevels>0</RebuyLevels>
    <Threshold>1500</Threshold>
    <MaxRebuys>0</MaxRebuys>
    <RebuyCost>0</RebuyCost>
    <RebuyFee>0</RebuyFee>
    <BreakTime>5</BreakTime>
    <BreakLevels>6</BreakLevels>
    <StopOnChop>No</StopOnChop>
    <Blinds>10/20/0, 15/30/0, 25/50/0, 50/100/0, 75/150/0, 100/200/0, 100/200/25, 200/400/25, 300/600/50, 400/800/50, 600/1200/75, 800/1600/75, 1000/2000/100, 1500/3000/150, 2000/4000/200, 3000/6000/300, 4000/8000/400, 6000/12000/600, 8000/16000/800, 10000/20000/1000, 15000/30000/1500, 20000/40000/2000, 25000/50000/2500, 35000/70000/3500, 45000/90000/4500, 55000/110000/5500, 70000/140000/7000, 85000/170000/8500, 100000/200000/10000, 125000/250000/12500</Blinds>
    <Payout>2-4, 100.00|5-7, 65.00, 35.00|8-10, 50.00, 30.00, 20.00|11-20, 45.00, 28.00, 17.00, 10.00|21-40, 36.00, 23.00, 15.00, 11.00, 8.00, 7.00|41-70, 30.00, 20.00, 14.00, 10.00, 8.00, 7.00, 6.00, 5.00|71-100, 29.00, 18.00, 12.50, 10.00, 8.00, 6.50, 5.50, 4.50, 3.50, 2.50|101-200, 28.00, 17.50, 11.50, 8.50, 7.00, 5.50, 4.50, 3.50, 2.50, 1.50, 1.00x10|201-400, 27.00, 16.50, 10.50, 8.00, 6.25, 4.75, 3.75, 2.75, 1.75, 1.25, 0.75x10, 0.50x20|401-700, 26.00, 15.50, 10.00, 7.50, 6.00, 4.50, 3.50, 2.50, 1.50, 1.00, 0.65x10, 0.40x20, 0.25x30|701-1000, 25.00, 15.00, 10.00, 7.25, 5.50, 4.25, 3.25, 2.25, 1.25, 0.75, 0.55x10, 0.40x20, 0.25x30, 0.15x30</Payout>
    <UnregLogout>Yes</UnregLogout>
  </Tournament>
  <Tournament>
    <GameID>Sit and Go 10 K</GameID>
    <Description></Description>
    <AutoStart>Yes</AutoStart>
    <GameType>No Limit Hold'em</GameType>
    <Shootout>No</Shootout>
    <Password></Password>
    <Private>No</Private>
    <PermRegister></PermRegister>
    <PermUnregister></PermUnregister>
    <PermObserve></PermObserve>
    <PermPlayerChat></PermPlayerChat>
    <PermObserverChat></PermObserverChat>
    <SuspendChatAllIn>No</SuspendChatAllIn>
    <Tables>1</Tables>
    <Seats>8</Seats>
    <StartFull>Yes</StartFull>
    <StartMin>0</StartMin>
    <StartCode>0</StartCode>
    <StartTime>0000-00-00 00:00</StartTime>
    <RegMinutes>0</RegMinutes>
    <LateRegMinutes>30</LateRegMinutes>
    <MinPlayers>2</MinPlayers>
    <RecurMinutes>1</RecurMinutes>
    <NoShowMinutes>0</NoShowMinutes>
    <BuyIn>10000</BuyIn>
    <EntryFee>1000</EntryFee>
    <PrizeBonus>0</PrizeBonus>
    <MultiplyBonus>No</MultiplyBonus>
    <StartingChips>1500</StartingChips>
    <AddOnChips>0</AddOnChips>
    <TurnClock>30</TurnClock>
    <BankClock>60</BankClock>
    <BankReset>0</BankReset>
    <DisProtect>No</DisProtect>
    <LevelDuration>10</LevelDuration>
    <RebuyLevels>0</RebuyLevels>
    <Threshold>1500</Threshold>
    <MaxRebuys>0</MaxRebuys>
    <RebuyCost>0</RebuyCost>
    <RebuyFee>0</RebuyFee>
    <BreakTime>5</BreakTime>
    <BreakLevels>6</BreakLevels>
    <StopOnChop>No</StopOnChop>
    <Blinds>10/20/0, 15/30/0, 25/50/0, 50/100/0, 75/150/0, 100/200/0, 100/200/25, 200/400/25, 300/600/50, 400/800/50, 600/1200/75, 800/1600/75, 1000/2000/100, 1500/3000/150, 2000/4000/200, 3000/6000/300, 4000/8000/400, 6000/12000/600, 8000/16000/800, 10000/20000/1000, 15000/30000/1500, 20000/40000/2000, 25000/50000/2500, 35000/70000/3500, 45000/90000/4500, 55000/110000/5500, 70000/140000/7000, 85000/170000/8500, 100000/200000/10000, 125000/250000/12500</Blinds>
    <Payout>2-4, 100.00|5-7, 65.00, 35.00|8-10, 50.00, 30.00, 20.00|11-20, 45.00, 28.00, 17.00, 10.00|21-40, 36.00, 23.00, 15.00, 11.00, 8.00, 7.00|41-70, 30.00, 20.00, 14.00, 10.00, 8.00, 7.00, 6.00, 5.00|71-100, 29.00, 18.00, 12.50, 10.00, 8.00, 6.50, 5.50, 4.50, 3.50, 2.50|101-200, 28.00, 17.50, 11.50, 8.50, 7.00, 5.50, 4.50, 3.50, 2.50, 1.50, 1.00x10|201-400, 27.00, 16.50, 10.50, 8.00, 6.25, 4.75, 3.75, 2.75, 1.75, 1.25, 0.75x10, 0.50x20|401-700, 26.00, 15.50, 10.00, 7.50, 6.00, 4.50, 3.50, 2.50, 1.50, 1.00, 0.65x10, 0.40x20, 0.25x30|701-1000, 25.00, 15.00, 10.00, 7.25, 5.50, 4.25, 3.25, 2.25, 1.25, 0.75, 0.55x10, 0.40x20, 0.25x30, 0.15x30</Payout>
    <UnregLogout>Yes</UnregLogout>
  </Tournament>
  <Tournament>
    <GameID>Sit and Go 3 K</GameID>
    <Description></Description>
    <AutoStart>Yes</AutoStart>
    <GameType>No Limit Hold'em</GameType>
    <Shootout>No</Shootout>
    <Password></Password>
    <Private>No</Private>
    <PermRegister></PermRegister>
    <PermUnregister></PermUnregister>
    <PermObserve></PermObserve>
    <PermPlayerChat></PermPlayerChat>
    <PermObserverChat></PermObserverChat>
    <SuspendChatAllIn>No</SuspendChatAllIn>
    <Tables>1</Tables>
    <Seats>8</Seats>
    <StartFull>Yes</StartFull>
    <StartMin>0</StartMin>
    <StartCode>0</StartCode>
    <StartTime>0000-00-00 00:00</StartTime>
    <RegMinutes>0</RegMinutes>
    <LateRegMinutes>30</LateRegMinutes>
    <MinPlayers>2</MinPlayers>
    <RecurMinutes>1</RecurMinutes>
    <NoShowMinutes>0</NoShowMinutes>
    <BuyIn>3000</BuyIn>
    <EntryFee>300</EntryFee>
    <PrizeBonus>0</PrizeBonus>
    <MultiplyBonus>No</MultiplyBonus>
    <StartingChips>1500</StartingChips>
    <AddOnChips>0</AddOnChips>
    <TurnClock>30</TurnClock>
    <BankClock>60</BankClock>
    <BankReset>0</BankReset>
    <DisProtect>No</DisProtect>
    <LevelDuration>10</LevelDuration>
    <RebuyLevels>0</RebuyLevels>
    <Threshold>1500</Threshold>
    <MaxRebuys>0</MaxRebuys>
    <RebuyCost>0</RebuyCost>
    <RebuyFee>0</RebuyFee>
    <BreakTime>5</BreakTime>
    <BreakLevels>6</BreakLevels>
    <StopOnChop>No</StopOnChop>
    <Blinds>10/20/0, 15/30/0, 25/50/0, 50/100/0, 75/150/0, 100/200/0, 100/200/25, 200/400/25, 300/600/50, 400/800/50, 600/1200/75, 800/1600/75, 1000/2000/100, 1500/3000/150, 2000/4000/200, 3000/6000/300, 4000/8000/400, 6000/12000/600, 8000/16000/800, 10000/20000/1000, 15000/30000/1500, 20000/40000/2000, 25000/50000/2500, 35000/70000/3500, 45000/90000/4500, 55000/110000/5500, 70000/140000/7000, 85000/170000/8500, 100000/200000/10000, 125000/250000/12500</Blinds>
    <Payout>2-4, 100.00|5-7, 65.00, 35.00|8-10, 50.00, 30.00, 20.00|11-20, 45.00, 28.00, 17.00, 10.00|21-40, 36.00, 23.00, 15.00, 11.00, 8.00, 7.00|41-70, 30.00, 20.00, 14.00, 10.00, 8.00, 7.00, 6.00, 5.00|71-100, 29.00, 18.00, 12.50, 10.00, 8.00, 6.50, 5.50, 4.50, 3.50, 2.50|101-200, 28.00, 17.50, 11.50, 8.50, 7.00, 5.50, 4.50, 3.50, 2.50, 1.50, 1.00x10|201-400, 27.00, 16.50, 10.50, 8.00, 6.25, 4.75, 3.75, 2.75, 1.75, 1.25, 0.75x10, 0.50x20|401-700, 26.00, 15.50, 10.00, 7.50, 6.00, 4.50, 3.50, 2.50, 1.50, 1.00, 0.65x10, 0.40x20, 0.25x30|701-1000, 25.00, 15.00, 10.00, 7.25, 5.50, 4.25, 3.25, 2.25, 1.25, 0.75, 0.55x10, 0.40x20, 0.25x30, 0.15x30</Payout>
    <UnregLogout>Yes</UnregLogout>
  </Tournament>
  <Tournament>
    <GameID>Sit and Go 5 K</GameID>
    <Description></Description>
    <AutoStart>Yes</AutoStart>
    <GameType>No Limit Hold'em</GameType>
    <Shootout>No</Shootout>
    <Password></Password>
    <Private>No</Private>
    <PermRegister></PermRegister>
    <PermUnregister></PermUnregister>
    <PermObserve></PermObserve>
    <PermPlayerChat></PermPlayerChat>
    <PermObserverChat></PermObserverChat>
    <SuspendChatAllIn>No</SuspendChatAllIn>
    <Tables>1</Tables>
    <Seats>6</Seats>
    <StartFull>Yes</StartFull>
    <StartMin>0</StartMin>
    <StartCode>0</StartCode>
    <StartTime>0000-00-00 00:00</StartTime>
    <RegMinutes>0</RegMinutes>
    <LateRegMinutes>30</LateRegMinutes>
    <MinPlayers>2</MinPlayers>
    <RecurMinutes>1</RecurMinutes>
    <NoShowMinutes>0</NoShowMinutes>
    <BuyIn>5000</BuyIn>
    <EntryFee>500</EntryFee>
    <PrizeBonus>0</PrizeBonus>
    <MultiplyBonus>No</MultiplyBonus>
    <StartingChips>1500</StartingChips>
    <AddOnChips>0</AddOnChips>
    <TurnClock>30</TurnClock>
    <BankClock>60</BankClock>
    <BankReset>0</BankReset>
    <DisProtect>No</DisProtect>
    <LevelDuration>10</LevelDuration>
    <RebuyLevels>0</RebuyLevels>
    <Threshold>1500</Threshold>
    <MaxRebuys>0</MaxRebuys>
    <RebuyCost>0</RebuyCost>
    <RebuyFee>0</RebuyFee>
    <BreakTime>5</BreakTime>
    <BreakLevels>6</BreakLevels>
    <StopOnChop>No</StopOnChop>
    <Blinds>10/20/0, 15/30/0, 25/50/0, 50/100/0, 75/150/0, 100/200/0, 100/200/25, 200/400/25, 300/600/50, 400/800/50, 600/1200/75, 800/1600/75, 1000/2000/100, 1500/3000/150, 2000/4000/200, 3000/6000/300, 4000/8000/400, 6000/12000/600, 8000/16000/800, 10000/20000/1000, 15000/30000/1500, 20000/40000/2000, 25000/50000/2500, 35000/70000/3500, 45000/90000/4500, 55000/110000/5500, 70000/140000/7000, 85000/170000/8500, 100000/200000/10000, 125000/250000/12500</Blinds>
    <Payout>2-4, 100.00|5-7, 65.00, 35.00|8-10, 50.00, 30.00, 20.00|11-20, 45.00, 28.00, 17.00, 10.00|21-40, 36.00, 23.00, 15.00, 11.00, 8.00, 7.00|41-70, 30.00, 20.00, 14.00, 10.00, 8.00, 7.00, 6.00, 5.00|71-100, 29.00, 18.00, 12.50, 10.00, 8.00, 6.50, 5.50, 4.50, 3.50, 2.50|101-200, 28.00, 17.50, 11.50, 8.50, 7.00, 5.50, 4.50, 3.50, 2.50, 1.50, 1.00x10|201-400, 27.00, 16.50, 10.50, 8.00, 6.25, 4.75, 3.75, 2.75, 1.75, 1.25, 0.75x10, 0.50x20|401-700, 26.00, 15.50, 10.00, 7.50, 6.00, 4.50, 3.50, 2.50, 1.50, 1.00, 0.65x10, 0.40x20, 0.25x30|701-1000, 25.00, 15.00, 10.00, 7.25, 5.50, 4.25, 3.25, 2.25, 1.25, 0.75, 0.55x10, 0.40x20, 0.25x30, 0.15x30</Payout>
    <UnregLogout>Yes</UnregLogout>
  </Tournament>
  <Tournament>
    <GameID>Sit and Go 50 K</GameID>
    <Description></Description>
    <AutoStart>Yes</AutoStart>
    <GameType>No Limit Hold'em</GameType>
    <Shootout>No</Shootout>
    <Password></Password>
    <Private>No</Private>
    <PermRegister></PermRegister>
    <PermUnregister></PermUnregister>
    <PermObserve></PermObserve>
    <PermPlayerChat></PermPlayerChat>
    <PermObserverChat></PermObserverChat>
    <SuspendChatAllIn>No</SuspendChatAllIn>
    <Tables>1</Tables>
    <Seats>8</Seats>
    <StartFull>Yes</StartFull>
    <StartMin>0</StartMin>
    <StartCode>0</StartCode>
    <StartTime>0000-00-00 00:00</StartTime>
    <RegMinutes>0</RegMinutes>
    <LateRegMinutes>30</LateRegMinutes>
    <MinPlayers>2</MinPlayers>
    <RecurMinutes>1</RecurMinutes>
    <NoShowMinutes>0</NoShowMinutes>
    <BuyIn>50000</BuyIn>
    <EntryFee>5000</EntryFee>
    <PrizeBonus>0</PrizeBonus>
    <MultiplyBonus>No</MultiplyBonus>
    <StartingChips>1500</StartingChips>
    <AddOnChips>0</AddOnChips>
    <TurnClock>30</TurnClock>
    <BankClock>60</BankClock>
    <BankReset>0</BankReset>
    <DisProtect>No</DisProtect>
    <LevelDuration>10</LevelDuration>
    <RebuyLevels>5</RebuyLevels>
    <Threshold>1500</Threshold>
    <MaxRebuys>100000</MaxRebuys>
    <RebuyCost>50000</RebuyCost>
    <RebuyFee>0</RebuyFee>
    <BreakTime>5</BreakTime>
    <BreakLevels>6</BreakLevels>
    <StopOnChop>No</StopOnChop>
    <Blinds>10/20/0, 15/30/0, 25/50/0, 50/100/0, 75/150/0, 100/200/0, 100/200/25, 200/400/25, 300/600/50, 400/800/50, 600/1200/75, 800/1600/75, 1000/2000/100, 1500/3000/150, 2000/4000/200, 3000/6000/300, 4000/8000/400, 6000/12000/600, 8000/16000/800, 10000/20000/1000, 15000/30000/1500, 20000/40000/2000, 25000/50000/2500, 35000/70000/3500, 45000/90000/4500, 55000/110000/5500, 70000/140000/7000, 85000/170000/8500, 100000/200000/10000, 125000/250000/12500</Blinds>
    <Payout>2-4, 100.00|5-7, 65.00, 35.00|8-10, 50.00, 30.00, 20.00|11-20, 45.00, 28.00, 17.00, 10.00|21-40, 36.00, 23.00, 15.00, 11.00, 8.00, 7.00|41-70, 30.00, 20.00, 14.00, 10.00, 8.00, 7.00, 6.00, 5.00|71-100, 29.00, 18.00, 12.50, 10.00, 8.00, 6.50, 5.50, 4.50, 3.50, 2.50|101-200, 28.00, 17.50, 11.50, 8.50, 7.00, 5.50, 4.50, 3.50, 2.50, 1.50, 1.00x10|201-400, 27.00, 16.50, 10.50, 8.00, 6.25, 4.75, 3.75, 2.75, 1.75, 1.25, 0.75x10, 0.50x20|401-700, 26.00, 15.50, 10.00, 7.50, 6.00, 4.50, 3.50, 2.50, 1.50, 1.00, 0.65x10, 0.40x20, 0.25x30|701-1000, 25.00, 15.00, 10.00, 7.25, 5.50, 4.25, 3.25, 2.25, 1.25, 0.75, 0.55x10, 0.40x20, 0.25x30, 0.15x30</Payout>
    <UnregLogout>Yes</UnregLogout>
  </Tournament>
  <Tournament>
    <GameID>Tounament 15M Awards / 25K Entry</GameID>
    <Description></Description>
    <AutoStart>Yes</AutoStart>
    <GameType>No Limit Hold'em</GameType>
    <Shootout>No</Shootout>
    <Password></Password>
    <Private>No</Private>
    <PermRegister></PermRegister>
    <PermUnregister></PermUnregister>
    <PermObserve></PermObserve>
    <PermPlayerChat></PermPlayerChat>
    <PermObserverChat></PermObserverChat>
    <SuspendChatAllIn>No</SuspendChatAllIn>
    <Tables>40</Tables>
    <Seats>10</Seats>
    <StartFull>No</StartFull>
    <StartMin>0</StartMin>
    <StartCode>0</StartCode>
    <StartTime>2015-08-24 21:00</StartTime>
    <RegMinutes>0</RegMinutes>
    <LateRegMinutes>30</LateRegMinutes>
    <MinPlayers>200</MinPlayers>
    <RecurMinutes>-1</RecurMinutes>
    <NoShowMinutes>0</NoShowMinutes>
    <BuyIn>25000</BuyIn>
    <EntryFee>5000</EntryFee>
    <PrizeBonus>15000000</PrizeBonus>
    <MultiplyBonus>Min</MultiplyBonus>
    <StartingChips>1500</StartingChips>
    <AddOnChips>3000</AddOnChips>
    <TurnClock>30</TurnClock>
    <BankClock>60</BankClock>
    <BankReset>0</BankReset>
    <DisProtect>No</DisProtect>
    <LevelDuration>15</LevelDuration>
    <RebuyLevels>8</RebuyLevels>
    <Threshold>1500</Threshold>
    <MaxRebuys>-1</MaxRebuys>
    <RebuyCost>25000</RebuyCost>
    <RebuyFee>0</RebuyFee>
    <BreakTime>5</BreakTime>
    <BreakLevels>6</BreakLevels>
    <StopOnChop>No</StopOnChop>
    <Blinds>10/20/0, 15/30/0, 25/50/0, 50/100/0, 75/150/0, 100/200/0, 100/200/25, 200/400/25, 300/600/50, 400/800/50, 600/1200/75, 800/1600/75, 1000/2000/100, 1500/3000/150, 2000/4000/200, 3000/6000/300, 4000/8000/400, 6000/12000/600, 8000/16000/800, 10000/20000/1000, 15000/30000/1500, 20000/40000/2000, 25000/50000/2500, 35000/70000/3500, 45000/90000/4500, 55000/110000/5500, 70000/140000/7000, 85000/170000/8500, 100000/200000/10000, 125000/250000/12500</Blinds>
    <Payout>10-1000, 30.00, 20.00, 12.50, 10.00, 7.00, 6.00, 5.00, 4.00, 3.00, 2.50</Payout>
    <UnregLogout>Yes</UnregLogout>
  </Tournament>
</Poker_Mavens_Tournaments>
